id,class
0,p
1,e
2,e
3,p
4,e
5,p
6,e
7,e
8,e
9,p
10,e
11,p
12,e
13,p
14,p
15,p
16,p
17,e
18,e
19,e
20,p
21,e
22,p
23,p
24,p
25,e
26,e
27,p
28,e
29,e
30,e
31,p
32,p
33,p
34,p
35,e
36,e
37,e
38,p
39,e
40,e
41,e
42,p
43,p
44,e
45,p
46,e
47,e
48,e
49,e
50,p
51,p
52,p
53,e
54,e
55,e
56,p
57,p
58,p
59,e
60,p
61,p
62,e
63,e
64,e
65,e
66,e
67,e
68,e
69,e
70,e
71,p
72,e
73,p
74,e
75,e
76,e
77,p
78,p
79,e
80,p
81,e
82,p
83,e
84,p
85,p
86,e
87,p
88,p
89,p
90,p
91,e
92,e
93,p
94,e
95,p
96,e
97,p
98,p
99,p
100,e
101,e
102,p
103,e
104,p
105,p
106,e
107,e
108,e
109,p
110,e
111,e
112,e
113,p
114,p
115,e
116,e
117,e
118,p
119,p
120,e
121,p
122,e
123,e
124,p
125,p
126,e
127,p
128,p
129,e
130,e
131,p
132,e
133,p
134,p
135,p
136,e
137,e
138,e
139,e
140,p
141,p
142,e
143,e
144,e
145,p
146,e
147,e
148,p
149,p
150,e
151,e
152,p
153,p
154,p
155,p
156,e
157,e
158,p
159,e
160,p
161,p
162,e
163,p
164,e
165,e
166,e
167,e
168,p
169,p
170,p
171,p
172,p
173,e
174,e
175,p
176,e
177,p
178,e
179,e
180,e
181,p
182,e
183,p
184,e
185,p
186,p
187,e
188,e
189,e
190,p
191,p
192,p
193,p
194,e
195,p
196,e
197,e
198,p
199,p
200,p
201,e
202,e
203,e
204,e
205,e
206,p
207,e
208,p
209,p
210,e
211,e
212,e
213,p
214,p
215,e
216,p
217,p
218,e
219,p
220,p
221,e
222,p
223,p
224,e
225,e
226,e
227,p
228,e
229,p
230,p
231,e
232,p
233,e
234,p
235,e
236,e
237,e
238,p
239,p
240,p
241,e
242,p
243,p
244,e
245,e
246,p
247,p
248,p
249,e
250,p
251,p
252,p
253,p
254,p
255,e
256,e
257,e
258,e
259,e
260,e
261,e
262,p
263,e
264,p
265,e
266,p
267,p
268,p
269,p
270,e
271,p
272,e
273,e
274,p
275,p
276,p
277,p
278,p
279,e
280,p
281,e
282,p
283,p
284,p
285,p
286,p
287,e
288,p
289,e
290,e
291,e
292,p
293,p
294,e
295,e
296,e
297,e
298,p
299,e
300,p
301,e
302,p
303,p
304,p
305,p
306,p
307,e
308,e
309,e
310,p
311,p
312,p
313,p
314,e
315,e
316,e
317,e
318,p
319,e
320,e
321,p
322,p
323,e
324,e
325,p
326,e
327,p
328,e
329,p
330,p
331,p
332,e
333,e
334,e
335,p
336,p
337,p
338,p
339,p
340,p
341,p
342,p
343,e
344,p
345,e
346,p
347,p
348,e
349,e
350,e
351,p
352,e
353,e
354,e
355,e
356,e
357,p
358,e
359,e
360,e
361,p
362,p
363,p
364,e
365,p
366,e
367,e
368,p
369,p
370,e
371,e
372,p
373,e
374,e
375,e
376,p
377,e
378,p
379,e
380,p
381,p
382,e
383,e
384,p
385,e
386,p
387,p
388,e
389,e
390,p
391,p
392,p
393,p
394,p
395,e
396,e
397,p
398,e
399,p
400,p
401,e
402,e
403,e
404,e
405,e
406,p
407,e
408,e
409,p
410,e
411,p
412,e
413,p
414,p
415,e
416,e
417,p
418,e
419,p
420,e
421,p
422,e
423,p
424,e
425,p
426,e
427,e
428,p
429,p
430,e
431,p
432,p
433,p
434,p
435,p
436,e
437,e
438,e
439,e
440,p
441,e
442,e
443,p
444,e
445,p
446,e
447,e
448,p
449,e
450,p
451,e
452,e
453,e
454,p
455,p
456,e
457,e
458,p
459,e
460,e
461,p
462,p
463,p
464,e
465,e
466,p
467,p
468,p
469,e
470,e
471,e
472,e
473,e
474,e
475,e
476,e
477,p
478,p
479,p
480,e
481,p
482,p
483,e
484,e
485,p
486,p
487,e
488,p
489,p
490,e
491,e
492,p
493,e
494,e
495,p
496,e
497,e
498,p
499,e
500,e
501,p
502,p
503,p
504,p
505,e
506,e
507,p
508,p
509,p
510,p
511,e
512,e
513,p
514,p
515,e
516,e
517,p
518,e
519,e
520,e
521,p
522,p
523,p
524,e
525,e
526,e
527,e
528,e
529,e
530,e
531,p
532,e
533,p
534,e
535,p
536,e
537,e
538,e
539,e
540,e
541,p
542,p
543,e
544,p
545,e
546,p
547,e
548,e
549,e
550,p
551,p
552,e
553,e
554,e
555,p
556,p
557,p
558,e
559,p
560,p
561,p
562,e
563,p
564,e
565,e
566,e
567,e
568,e
569,e
570,e
571,p
572,p
573,e
574,e
575,e
576,p
577,p
578,e
579,p
580,p
581,e
582,e
583,p
584,e
585,p
586,e
587,p
588,e
589,e
590,p
591,e
592,e
593,e
594,e
595,p
596,p
597,p
598,e
599,p
600,p
601,e
602,e
603,e
604,e
605,e
606,e
607,e
608,e
609,p
610,p
611,p
612,p
613,p
614,p
615,e
616,p
617,e
618,e
619,p
620,p
621,p
622,e
623,e
624,p
625,p
626,p
627,e
628,e
629,e
630,p
631,e
632,p
633,e
634,e
635,e
636,e
637,p
638,p
639,e
640,e
641,p
642,p
643,p
644,e
645,e
646,p
647,p
648,p
649,e
650,p
651,p
652,e
653,p
654,e
655,e
656,e
657,e
658,e
659,e
660,e
661,p
662,e
663,p
664,p
665,e
666,p
667,p
668,e
669,e
670,e
671,e
672,e
673,e
674,e
675,e
676,p
677,e
678,e
679,p
680,e
681,e
682,p
683,p
684,p
685,e
686,p
687,p
688,p
689,e
690,p
691,p
692,p
693,p
694,p
695,e
696,p
697,p
698,e
699,p
700,e
701,e
702,e
703,p
704,p
705,e
706,p
707,e
708,p
709,p
710,e
711,e
712,e
713,e
714,e
715,p
716,p
717,e
718,p
719,e
720,p
721,e
722,e
723,e
724,e
725,e
726,e
727,p
728,p
729,p
730,e
731,e
732,p
733,e
734,p
735,p
736,p
737,e
738,e
739,e
740,p
741,e
742,e
743,p
744,p
745,e
746,e
747,e
748,e
749,e
750,e
751,p
752,e
753,e
754,p
755,p
756,e
757,p
758,e
759,e
760,p
761,p
762,p
763,p
764,e
765,p
766,e
767,e
768,e
769,p
770,e
771,p
772,p
773,e
774,e
775,p
776,p
777,e
778,e
779,p
780,e
781,e
782,e
783,p
784,e
785,e
786,p
787,p
788,p
789,e
790,e
791,p
792,p
793,e
794,e
795,e
796,e
797,e
798,e
799,p
800,p
801,e
802,e
803,p
804,e
805,e
806,e
807,e
808,p
809,e
810,e
811,p
812,p
813,e
814,e
815,p
816,p
817,p
818,e
819,p
820,e
821,e
822,e
823,e
824,e
825,e
826,e
827,e
828,p
829,e
830,p
831,p
832,p
833,p
834,e
835,e
836,e
837,e
838,p
839,p
840,e
841,e
842,e
843,p
844,e
845,p
846,e
847,p
848,e
849,e
850,p
851,p
852,p
853,e
854,e
855,e
856,p
857,p
858,e
859,e
860,e
861,p
862,e
863,e
864,e
865,e
866,e
867,p
868,e
869,e
870,p
871,p
872,p
873,p
874,p
875,e
876,p
877,e
878,e
879,p
880,p
881,p
882,e
883,e
884,e
885,e
886,e
887,e
888,e
889,e
890,p
891,p
892,p
893,e
894,p
895,e
896,p
897,e
898,p
899,p
900,e
901,e
902,e
903,p
904,p
905,e
906,e
907,e
908,e
909,p
910,e
911,e
912,e
913,e
914,e
915,e
916,p
917,e
918,e
919,p
920,e
921,p
922,e
923,e
924,e
925,p
926,e
927,p
928,e
929,p
930,p
931,e
932,p
933,e
934,p
935,e
936,p
937,p
938,e
939,e
940,p
941,e
942,p
943,p
944,e
945,p
946,p
947,p
948,e
949,p
950,e
951,e
952,e
953,p
954,e
955,e
956,p
957,p
958,p
959,p
960,p
961,p
962,p
963,e
964,p
965,e
966,e
967,p
968,p
969,e
970,p
971,p
972,e
973,e
974,p
975,e
976,e
977,p
978,e
979,p
980,e
981,p
982,p
983,e
984,e
985,p
986,e
987,p
988,p
989,e
990,p
991,e
992,e
993,p
994,p
995,p
996,e
997,p
998,e
999,e
1000,p
1001,p
1002,p
1003,p
1004,p
1005,p
1006,p
1007,p
1008,p
1009,e
1010,p
1011,p
1012,p
1013,p
1014,e
1015,p
1016,e
1017,e
1018,e
1019,p
1020,e
1021,p
1022,e
1023,p
1024,p
1025,e
1026,p
1027,p
1028,e
1029,e
1030,p
1031,p
1032,p
1033,p
1034,p
1035,p
1036,p
1037,p
1038,e
1039,e
1040,p
1041,p
1042,p
1043,e
1044,p
1045,e
1046,e
1047,p
1048,p
1049,e
1050,e
1051,e
1052,p
1053,e
1054,e
1055,p
1056,p
1057,e
1058,p
1059,e
1060,p
1061,e
1062,p
1063,e
1064,e
1065,e
1066,p
1067,p
1068,p
1069,p
1070,e
1071,e
1072,p
1073,e
1074,e
1075,p
1076,p
1077,e
1078,e
1079,e
1080,e
1081,p
1082,p
1083,e
1084,e
1085,p
1086,p
1087,p
1088,p
1089,p
1090,e
1091,e
1092,p
1093,p
1094,p
1095,p
1096,e
1097,e
1098,e
1099,p
1100,p
1101,e
1102,e
1103,p
1104,p
1105,e
1106,p
1107,e
1108,e
1109,e
1110,p
1111,p
1112,e
1113,e
1114,e
1115,p
1116,e
1117,p
1118,e
1119,p
1120,e
1121,p
1122,e
1123,p
1124,e
1125,p
1126,e
1127,p
1128,e
1129,e
1130,p
1131,p
1132,p
1133,e
1134,p
1135,p
1136,p
1137,e
1138,e
1139,e
1140,p
1141,p
1142,e
1143,e
1144,e
1145,p
1146,e
1147,p
1148,e
1149,p
1150,e
1151,p
1152,p
1153,e
1154,p
1155,p
1156,p
1157,e
1158,e
1159,e
1160,p
1161,e
1162,p
1163,p
1164,e
1165,e
1166,e
1167,e
1168,p
1169,p
1170,e
1171,e
1172,p
1173,p
1174,e
1175,p
1176,p
1177,e
1178,p
1179,e
1180,p
1181,e
1182,e
1183,p
1184,e
1185,e
1186,p
1187,p
1188,e
1189,p
1190,e
1191,p
1192,e
1193,p
1194,e
1195,p
1196,e
1197,p
1198,e
1199,p
1200,e
1201,e
1202,e
1203,p
1204,p
1205,e
1206,p
1207,p
1208,e
1209,p
1210,p
1211,e
1212,e
1213,e
1214,e
1215,e
1216,p
1217,e
1218,e
1219,p
1220,p
1221,p
1222,e
1223,e
1224,e
1225,e
1226,p
1227,e
1228,e
1229,p
1230,e
1231,e
1232,p
1233,e
1234,e
1235,e
1236,e
1237,e
1238,e
1239,e
1240,e
1241,p
1242,p
1243,p
1244,p
1245,e
1246,e
1247,e
1248,e
1249,p
1250,p
1251,p
1252,p
1253,p
1254,p
1255,e
1256,e
1257,e
1258,e
1259,e
1260,e
1261,e
1262,p
1263,p
1264,e
1265,e
1266,p
1267,e
1268,p
1269,p
1270,e
1271,e
1272,p
1273,e
1274,p
1275,p
1276,p
1277,p
1278,p
1279,p
1280,e
1281,e
1282,e
1283,p
1284,e
1285,e
1286,p
1287,p
1288,p
1289,e
1290,p
1291,e
1292,p
1293,e
1294,p
1295,e
1296,p
1297,e
1298,p
1299,e
1300,e
1301,p
1302,p
1303,p
1304,p
1305,p
1306,e
1307,e
1308,e
1309,p
1310,p
1311,p
1312,p
1313,e
1314,p
1315,p
1316,e
1317,p
1318,p
1319,p
1320,e
1321,p
1322,e
1323,p
1324,e
1325,p
1326,e
1327,p
1328,e
1329,e
1330,e
1331,p
1332,p
1333,e
1334,e
1335,e
1336,p
1337,e
1338,e
1339,p
1340,p
1341,e
1342,e
1343,p
1344,e
1345,e
1346,e
1347,p
1348,e
1349,e
1350,e
1351,p
1352,p
1353,p
1354,e
1355,p
1356,p
1357,p
1358,p
1359,e
1360,e
1361,p
1362,e
1363,p
1364,e
1365,e
1366,e
1367,e
1368,e
1369,e
1370,p
1371,e
1372,e
1373,e
1374,p
1375,p
1376,p
1377,e
1378,p
1379,e
1380,p
1381,p
1382,p
1383,e
1384,e
1385,p
1386,e
1387,p
1388,p
1389,p
1390,p
1391,p
1392,e
1393,p
1394,p
1395,p
1396,p
1397,p
1398,p
1399,p
1400,p
1401,e
1402,p
1403,e
1404,p
1405,e
1406,p
1407,p
1408,e
1409,e
1410,p
1411,p
1412,e
1413,p
1414,p
1415,e
1416,e
1417,e
1418,e
1419,e
1420,p
1421,e
1422,e
1423,p
1424,p
1425,e
1426,e
1427,e
1428,p
1429,p
1430,e
1431,e
1432,e
1433,e
1434,e
1435,p
1436,p
1437,p
1438,p
1439,e
1440,p
1441,e
1442,p
1443,p
1444,e
1445,p
1446,e
1447,p
1448,p
1449,e
1450,e
1451,e
1452,e
1453,e
1454,p
1455,e
1456,e
1457,p
1458,e
1459,e
1460,e
1461,e
1462,p
1463,e
1464,e
1465,e
1466,p
1467,p
1468,e
1469,e
1470,e
1471,p
1472,e
1473,e
1474,p
1475,p
1476,e
1477,p
1478,e
1479,p
1480,e
1481,e
1482,p
1483,e
1484,e
1485,p
1486,p
1487,e
1488,p
1489,p
1490,p
1491,p
1492,e
1493,e
1494,p
1495,e
1496,p
1497,e
1498,e
1499,e
1500,p
1501,e
1502,p
1503,e
1504,e
1505,p
1506,p
1507,e
1508,e
1509,e
1510,e
1511,e
1512,e
1513,p
1514,p
1515,p
1516,p
1517,e
1518,p
1519,p
1520,p
1521,p
1522,e
1523,e
1524,p
1525,e
1526,p
1527,e
1528,p
1529,p
1530,p
1531,e
1532,p
1533,e
1534,p
1535,p
1536,p
1537,p
1538,e
1539,p
1540,p
1541,e
1542,e
1543,p
1544,e
1545,e
1546,e
1547,e
1548,p
1549,e
1550,e
1551,e
1552,p
1553,p
1554,e
1555,p
1556,p
1557,e
1558,e
1559,p
1560,p
1561,e
1562,p
1563,e
1564,e
1565,e
1566,p
1567,p
1568,e
1569,e
1570,p
1571,p
1572,e
1573,e
1574,e
1575,e
1576,e
1577,e
1578,e
1579,p
1580,e
1581,p
1582,e
1583,p
1584,e
1585,e
1586,e
1587,p
1588,p
1589,p
1590,e
1591,e
1592,e
1593,e
1594,p
1595,p
1596,e
1597,p
1598,p
1599,e
1600,e
1601,e
1602,e
1603,p
1604,p
1605,p
1606,e
1607,e
1608,e
1609,e
1610,p
1611,p
1612,p
1613,e
1614,p
1615,e
1616,e
1617,e
1618,e
1619,p
1620,p
1621,p
1622,p
1623,e
1624,e
1625,p
1626,p
1627,e
1628,p
1629,p
1630,e
1631,e
1632,e
1633,e
1634,p
1635,e
1636,e
1637,p
1638,e
1639,p
1640,e
1641,p
1642,e
1643,e
1644,e
1645,p
1646,e
1647,p
1648,e
1649,e
1650,e
1651,p
1652,e
1653,e
1654,e
1655,e
1656,e
1657,e
1658,e
1659,e
1660,e
1661,e
1662,e
1663,p
1664,p
1665,e
1666,p
1667,e
1668,e
1669,e
1670,e
1671,p
1672,e
1673,e
1674,p
1675,p
1676,p
1677,e
1678,e
1679,e
1680,p
1681,p
1682,e
1683,e
1684,p
1685,p
1686,p
1687,p
1688,p
1689,p
1690,p
1691,e
1692,p
1693,p
1694,e
1695,e
1696,p
1697,e
1698,p
1699,e
1700,p
1701,e
1702,e
1703,p
1704,e
1705,p
1706,e
1707,p
1708,e
1709,e
1710,p
1711,p
1712,p
1713,p
1714,e
1715,p
1716,p
1717,p
1718,p
1719,p
1720,p
1721,p
1722,p
1723,e
1724,e
1725,e
1726,p
1727,p
1728,p
1729,e
1730,p
1731,e
1732,e
1733,e
1734,p
1735,e
1736,p
1737,e
1738,p
1739,e
1740,p
1741,p
1742,e
1743,e
1744,p
1745,e
1746,p
1747,p
1748,p
1749,p
1750,p
1751,e
1752,p
1753,p
1754,e
1755,e
1756,p
1757,p
1758,e
1759,e
1760,e
1761,e
1762,p
1763,p
1764,e
1765,e
1766,p
1767,p
1768,e
1769,p
1770,e
1771,e
1772,p
1773,p
1774,p
1775,p
1776,p
1777,e
1778,p
1779,p
1780,p
1781,e
1782,p
1783,p
1784,e
1785,p
1786,p
1787,e
1788,p
1789,p
1790,e
1791,p
1792,e
1793,p
1794,e
1795,p
1796,e
1797,p
1798,e
1799,p
1800,p
1801,e
1802,e
1803,p
1804,e
1805,e
1806,p
1807,p
1808,e
1809,p
1810,p
1811,p
1812,e
1813,p
1814,p
1815,p
1816,e
1817,e
1818,p
1819,e
1820,p
1821,e
1822,p
1823,p
1824,e
1825,p
1826,e
1827,e
1828,p
1829,p
1830,p
1831,e
1832,e
1833,p
1834,p
1835,e
1836,p
1837,p
1838,e
1839,e
1840,e
1841,e
1842,e
1843,p
1844,p
1845,e
1846,p
1847,e
1848,e
1849,e
1850,e
1851,p
1852,p
1853,e
1854,p
1855,p
1856,p
1857,e
1858,p
1859,p
1860,e
1861,e
1862,p
1863,e
1864,p
1865,p
1866,p
1867,p
1868,e
1869,p
1870,e
1871,p
1872,e
1873,e
1874,e
1875,e
1876,e
1877,e
1878,e
1879,e
1880,e
1881,e
1882,p
1883,p
1884,p
1885,p
1886,e
1887,e
1888,e
1889,e
1890,p
1891,e
1892,e
1893,e
1894,p
1895,p
1896,e
1897,p
1898,e
1899,e
1900,e
1901,e
1902,e
1903,p
1904,p
1905,e
1906,p
1907,p
1908,p
1909,e
1910,p
1911,p
1912,p
1913,p
1914,e
1915,p
1916,e
1917,e
1918,p
1919,e
1920,e
1921,e
1922,e
1923,e
1924,p
1925,e
1926,p
1927,e
1928,p
1929,e
1930,e
1931,e
1932,p
1933,p
1934,p
1935,e
1936,e
1937,e
1938,e
1939,p
1940,e
1941,e
1942,p
1943,e
1944,e
1945,e
1946,e
1947,p
1948,p
1949,p
1950,e
1951,e
1952,p
1953,e
1954,e
1955,e
1956,e
1957,p
1958,p
1959,p
1960,p
1961,p
1962,e
1963,p
1964,p
1965,e
1966,p
1967,p
1968,e
1969,p
1970,p
1971,e
1972,e
1973,e
1974,e
1975,p
1976,e
1977,e
1978,e
1979,e
1980,p
1981,p
1982,e
1983,e
1984,p
1985,p
1986,p
1987,p
1988,e
1989,p
1990,p
1991,p
1992,p
1993,p
1994,p
1995,e
1996,p
1997,e
1998,e
1999,p
2000,p
2001,p
2002,p
2003,p
2004,e
2005,p
2006,p
2007,e
2008,p
2009,p
2010,e
2011,p
2012,p
2013,p
2014,e
2015,p
2016,e
2017,p
2018,p
2019,p
2020,p
2021,p
2022,p
2023,p
2024,e
2025,p
2026,e
2027,e
2028,e
2029,p
2030,e
2031,e
2032,p
2033,p
2034,p
2035,p
2036,e
2037,p
2038,e
2039,e
2040,e
2041,p
2042,p
2043,e
2044,p
2045,p
2046,e
2047,e
2048,p
2049,p
2050,p
2051,e
2052,p
2053,p
2054,p
2055,p
2056,e
2057,e
2058,e
2059,p
2060,p
2061,p
2062,e
2063,e
2064,e
2065,e
2066,p
2067,e
2068,p
2069,e
2070,p
2071,p
2072,e
2073,p
2074,e
2075,e
2076,p
2077,p
2078,p
2079,p
2080,p
2081,e
2082,p
2083,e
2084,p
2085,p
2086,e
2087,e
2088,e
2089,e
2090,e
2091,e
2092,e
2093,e
2094,p
2095,e
2096,e
2097,p
2098,e
2099,e
2100,e
2101,p
2102,e
2103,e
2104,e
2105,e
2106,e
2107,p
2108,e
2109,e
2110,p
2111,p
2112,e
2113,e
2114,e
2115,p
2116,e
2117,e
2118,p
2119,p
2120,p
2121,e
2122,p
2123,e
2124,p
2125,e
2126,p
2127,p
2128,e
2129,p
2130,p
2131,p
2132,p
2133,e
2134,p
2135,p
2136,e
2137,e
2138,p
2139,e
2140,e
2141,e
2142,e
2143,p
2144,p
2145,p
2146,p
2147,e
2148,p
2149,e
2150,p
2151,p
2152,p
2153,p
2154,e
2155,p
2156,p
2157,p
2158,e
2159,e
2160,e
2161,p
2162,e
2163,p
2164,p
2165,p
2166,p
2167,e
2168,e
2169,p
2170,p
2171,e
2172,p
2173,e
2174,p
2175,e
2176,e
2177,e
2178,e
2179,e
2180,e
2181,e
2182,e
2183,e
2184,p
2185,e
2186,e
2187,p
2188,e
2189,p
2190,p
2191,p
2192,e
2193,e
2194,e
2195,e
2196,e
2197,e
2198,p
2199,p
2200,p
2201,e
2202,e
2203,p
2204,e
2205,p
2206,p
2207,p
2208,e
2209,p
2210,p
2211,p
2212,e
2213,p
2214,p
2215,p
2216,p
2217,e
2218,e
2219,p
2220,e
2221,p
2222,e
2223,p
2224,e
2225,e
2226,p
2227,e
2228,e
2229,p
2230,p
2231,e
2232,e
2233,p
2234,e
2235,p
2236,p
2237,e
2238,p
2239,e
2240,e
2241,e
2242,p
2243,p
2244,e
2245,p
2246,e
2247,p
2248,e
2249,p
2250,e
2251,p
2252,e
2253,p
2254,p
2255,p
2256,p
2257,p
2258,e
2259,p
2260,p
2261,e
2262,e
2263,p
2264,e
2265,p
2266,p
2267,p
2268,e
2269,e
2270,p
2271,e
2272,p
2273,e
2274,e
2275,e
2276,p
2277,p
2278,p
2279,e
2280,p
2281,e
2282,e
2283,e
2284,p
2285,e
2286,p
2287,e
2288,p
2289,e
2290,p
2291,p
2292,e
2293,e
2294,p
2295,p
2296,e
2297,e
2298,p
2299,e
2300,p
2301,p
2302,p
2303,e
2304,e
2305,p
2306,p
2307,e
2308,e
2309,e
2310,e
2311,p
2312,p
2313,p
2314,e
2315,e
2316,e
2317,p
2318,e
2319,p
2320,e
2321,e
2322,p
2323,e
2324,e
2325,e
2326,p
2327,p
2328,e
2329,e
2330,e
2331,e
2332,e
2333,p
2334,p
2335,p
2336,p
2337,p
2338,p
2339,p
2340,p
2341,e
2342,p
2343,p
2344,p
2345,e
2346,e
2347,e
2348,e
2349,p
2350,e
2351,p
2352,p
2353,e
2354,e
2355,p
2356,p
2357,e
2358,e
2359,e
2360,p
2361,p
2362,e
2363,e
2364,e
2365,e
2366,p
2367,p
2368,e
2369,p
2370,e
2371,e
2372,e
2373,p
2374,p
2375,e
2376,e
2377,p
2378,e
2379,e
2380,p
2381,p
2382,e
2383,p
2384,e
2385,e
2386,p
2387,p
2388,e
2389,p
2390,e
2391,e
2392,p
2393,e
2394,p
2395,p
2396,e
2397,e
2398,p
2399,p
2400,p
2401,e
2402,e
2403,e
2404,e
2405,p
2406,e
2407,p
2408,e
2409,p
2410,p
2411,p
2412,p
2413,e
2414,p
2415,e
2416,p
2417,e
2418,e
2419,e
2420,e
2421,p
2422,e
2423,e
2424,e
2425,e
2426,e
2427,p
2428,e
2429,e
2430,e
2431,e
2432,e
2433,e
2434,p
2435,e
2436,e
2437,p
2438,e
2439,e
2440,e
2441,e
2442,e
2443,e
2444,e
2445,p
2446,e
2447,p
2448,e
2449,p
2450,e
2451,e
2452,e
2453,p
2454,e
2455,p
2456,e
2457,p
2458,p
2459,e
2460,e
2461,p
2462,e
2463,e
2464,e
2465,e
2466,p
2467,e
2468,e
2469,p
2470,p
2471,p
2472,p
2473,p
2474,p
2475,p
2476,p
2477,e
2478,p
2479,p
2480,e
2481,e
2482,e
2483,e
2484,p
2485,p
2486,p
2487,e
2488,p
2489,e
2490,p
2491,p
2492,e
2493,p
2494,e
2495,p
2496,p
2497,p
2498,p
2499,e
2500,p
2501,p
2502,e
2503,p
2504,p
2505,p
2506,e
2507,e
2508,p
2509,e
2510,e
2511,p
2512,e
2513,e
2514,e
2515,e
2516,e
2517,p
2518,e
2519,p
2520,e
2521,e
2522,p
2523,p
2524,e
2525,e
2526,p
2527,e
2528,e
2529,e
2530,p
2531,p
2532,p
2533,e
2534,p
2535,e
2536,p
2537,p
2538,e
2539,e
2540,e
2541,p
2542,p
2543,p
2544,p
2545,e
2546,p
2547,p
2548,e
2549,e
2550,p
2551,p
2552,e
2553,e
2554,p
2555,p
2556,e
2557,e
2558,p
2559,e
2560,p
2561,e
2562,e
2563,e
2564,p
2565,p
2566,e
2567,e
2568,p
2569,p
2570,e
2571,p
2572,e
2573,e
2574,p
2575,p
2576,p
2577,e
2578,e
2579,p
2580,p
2581,e
2582,p
2583,e
2584,p
2585,e
2586,p
2587,e
2588,e
2589,e
2590,p
2591,e
2592,e
2593,p
2594,p
2595,p
2596,e
2597,e
2598,e
2599,p
2600,p
2601,p
2602,e
2603,p
2604,p
2605,p
2606,p
2607,e
2608,e
2609,e
2610,p
2611,p
2612,e
2613,p
2614,p
2615,p
2616,e
2617,p
2618,p
2619,e
2620,p
2621,p
2622,e
2623,p
2624,e
2625,e
2626,e
2627,e
2628,e
2629,e
2630,p
2631,p
2632,e
2633,e
2634,p
2635,e
2636,e
2637,p
2638,e
2639,p
2640,p
2641,e
2642,p
2643,p
2644,e
2645,e
2646,e
2647,p
2648,p
2649,p
2650,e
2651,e
2652,p
2653,e
2654,p
2655,e
2656,e
2657,e
2658,e
2659,e
2660,p
2661,e
2662,p
2663,e
2664,p
2665,p
2666,p
2667,e
2668,p
2669,p
2670,e
2671,p
2672,p
2673,p
2674,e
2675,e
2676,p
2677,p
2678,e
2679,e
2680,e
2681,e
2682,e
2683,p
2684,e
2685,p
2686,p
2687,e
2688,e
2689,e
2690,p
2691,e
2692,e
2693,e
2694,p
2695,p
2696,p
2697,p
2698,e
2699,p
2700,p
2701,e
2702,p
2703,p
2704,e
2705,p
2706,p
2707,e
2708,p
2709,e
2710,e
2711,e
2712,e
2713,e
2714,p
2715,e
2716,e
2717,p
2718,p
2719,e
2720,e
2721,p
2722,p
2723,p
2724,e
2725,e
2726,p
2727,e
2728,e
2729,p
2730,p
2731,p
2732,e
2733,p
2734,e
2735,p
2736,e
2737,p
2738,p
2739,e
2740,e
2741,p
2742,e
2743,p
2744,p
2745,e
2746,p
2747,p
2748,e
2749,p
2750,e
2751,p
2752,e
2753,p
2754,e
2755,e
2756,p
2757,e
2758,p
2759,e
2760,p
2761,p
2762,p
2763,e
2764,p
2765,e
2766,e
2767,e
2768,p
2769,p
2770,e
2771,e
2772,e
2773,e
2774,p
2775,e
2776,e
2777,e
2778,e
2779,e
2780,e
2781,p
2782,e
2783,p
2784,p
2785,e
2786,p
2787,p
2788,p
2789,p
2790,e
2791,p
2792,p
2793,p
2794,e
2795,e
2796,e
2797,p
2798,p
2799,e
2800,p
2801,p
2802,e
2803,p
2804,e
2805,p
2806,e
2807,p
2808,p
2809,p
2810,e
2811,e
2812,e
2813,p
2814,e
2815,p
2816,p
2817,e
2818,e
2819,p
2820,e
2821,p
2822,e
2823,p
2824,p
2825,e
2826,e
2827,e
2828,e
2829,e
2830,e
2831,e
2832,e
2833,p
2834,p
2835,e
2836,p
2837,p
2838,e
2839,e
2840,p
2841,e
2842,p
2843,p
2844,p
2845,p
2846,e
2847,e
2848,e
2849,p
2850,p
2851,p
2852,e
2853,p
2854,e
2855,e
2856,e
2857,p
2858,p
2859,p
2860,e
2861,e
2862,e
2863,e
2864,e
2865,e
2866,p
2867,e
2868,e
2869,e
2870,e
2871,e
2872,e
2873,e
2874,e
2875,e
2876,p
2877,p
2878,e
2879,e
2880,e
2881,e
2882,e
2883,e
2884,p
2885,p
2886,p
2887,e
2888,e
2889,e
2890,p
2891,e
2892,e
2893,p
2894,e
2895,p
2896,e
2897,e
2898,e
2899,p
2900,e
2901,e
2902,p
2903,p
2904,e
2905,p
2906,e
2907,e
2908,p
2909,e
2910,e
2911,p
2912,e
2913,e
2914,p
2915,e
2916,e
2917,p
2918,p
2919,e
2920,e
2921,e
2922,p
2923,p
2924,e
2925,p
2926,p
2927,p
2928,p
2929,e
2930,e
2931,e
2932,p
2933,p
2934,p
2935,e
2936,e
2937,p
2938,p
2939,p
2940,e
2941,e
2942,e
2943,e
2944,e
2945,e
2946,e
2947,p
2948,p
2949,p
2950,p
2951,p
2952,p
2953,e
2954,e
2955,e
2956,e
2957,p
2958,e
2959,p
2960,e
2961,p
2962,e
2963,e
2964,e
2965,p
2966,p
2967,e
2968,e
2969,p
2970,e
2971,e
2972,e
2973,e
2974,e
2975,e
2976,p
2977,p
2978,e
2979,e
2980,e
2981,e
2982,e
2983,e
2984,e
2985,e
2986,e
2987,e
2988,p
2989,p
2990,e
2991,e
2992,e
2993,e
2994,e
2995,p
2996,e
2997,p
2998,p
2999,p
3000,p
3001,e
3002,e
3003,e
3004,e
3005,p
3006,p
3007,p
3008,p
3009,e
3010,e
3011,p
3012,p
3013,e
3014,e
3015,e
3016,e
3017,e
3018,e
3019,e
3020,p
3021,p
3022,p
3023,p
3024,p
3025,e
3026,e
3027,p
3028,p
3029,e
3030,e
3031,p
3032,p
3033,p
3034,e
3035,e
3036,e
3037,p
3038,e
3039,e
3040,p
3041,e
3042,e
3043,e
3044,p
3045,p
3046,p
3047,e
3048,p
3049,e
3050,p
3051,p
3052,e
3053,p
3054,e
3055,e
3056,e
3057,e
3058,e
3059,p
3060,e
3061,p
3062,p
3063,p
3064,p
3065,p
3066,p
3067,p
3068,e
3069,e
3070,e
3071,e
3072,p
3073,p
3074,e
3075,p
3076,e
3077,p
3078,p
3079,p
3080,p
3081,e
3082,e
3083,e
3084,p
3085,e
3086,e
3087,p
3088,e
3089,p
3090,p
3091,p
3092,e
3093,p
3094,p
3095,p
3096,e
3097,e
3098,p
3099,p
3100,p
3101,e
3102,e
3103,p
3104,e
3105,p
3106,e
3107,e
3108,p
3109,e
3110,e
3111,e
3112,e
3113,e
3114,e
3115,e
3116,p
3117,e
3118,e
3119,e
3120,e
3121,p
3122,e
3123,e
3124,p
3125,e
3126,p
3127,p
3128,e
3129,e
3130,e
3131,p
3132,e
3133,e
3134,e
3135,p
3136,p
3137,e
3138,p
3139,e
3140,e
3141,e
3142,p
3143,p
3144,e
3145,e
3146,e
3147,p
3148,p
3149,p
3150,e
3151,p
3152,p
3153,e
3154,e
3155,p
3156,p
3157,e
3158,e
3159,e
3160,e
3161,p
3162,e
3163,p
3164,p
3165,p
3166,e
3167,e
3168,e
3169,p
3170,p
3171,p
3172,p
3173,e
3174,e
3175,e
3176,e
3177,e
3178,e
3179,e
3180,e
3181,e
3182,e
3183,e
3184,e
3185,e
3186,e
3187,e
3188,e
3189,p
3190,e
3191,e
3192,e
3193,e
3194,p
3195,p
3196,p
3197,e
3198,p
3199,e
3200,e
3201,p
3202,e
3203,e
3204,e
3205,p
3206,p
3207,p
3208,e
3209,e
3210,p
3211,p
3212,e
3213,p
3214,p
3215,e
3216,e
3217,e
3218,e
3219,e
3220,p
3221,e
3222,p
3223,e
3224,e
3225,p
3226,p
3227,p
3228,p
3229,p
3230,e
3231,p
3232,e
3233,p
3234,p
3235,p
3236,e
3237,e
3238,e
3239,e
3240,e
3241,p
3242,e
3243,e
3244,p
3245,p
3246,e
3247,e
3248,e
3249,e
3250,e
3251,e
3252,e
3253,p
3254,e
3255,p
3256,p
3257,p
3258,p
3259,e
3260,p
3261,p
3262,p
3263,e
3264,e
3265,p
3266,e
3267,p
3268,p
3269,e
3270,p
3271,e
3272,p
3273,e
3274,e
3275,p
3276,e
3277,p
3278,p
3279,e
3280,p
3281,e
3282,e
3283,p
3284,p
3285,p
3286,e
3287,p
3288,p
3289,p
3290,p
3291,p
3292,p
3293,e
3294,p
3295,e
3296,p
3297,p
3298,e
3299,p
3300,e
3301,e
3302,p
3303,e
3304,e
3305,p
3306,p
3307,e
3308,e
3309,e
3310,e
3311,p
3312,e
3313,p
3314,p
3315,e
3316,p
3317,e
3318,e
3319,e
3320,e
3321,p
3322,e
3323,p
3324,e
3325,e
3326,e
3327,e
3328,e
3329,p
3330,e
3331,e
3332,e
3333,e
3334,e
3335,e
3336,p
3337,e
3338,p
3339,e
3340,e
3341,p
3342,p
3343,p
3344,p
3345,p
3346,p
3347,e
3348,p
3349,e
3350,e
3351,p
3352,p
3353,e
3354,p
3355,e
3356,e
3357,p
3358,e
3359,p
3360,e
3361,e
3362,e
3363,p
3364,p
3365,p
3366,e
3367,p
3368,p
3369,e
3370,e
3371,e
3372,e
3373,e
3374,e
3375,p
3376,e
3377,e
3378,p
3379,p
3380,p
3381,e
3382,e
3383,p
3384,e
3385,p
3386,e
3387,e
3388,p
3389,e
3390,p
3391,p
3392,e
3393,p
3394,e
3395,p
3396,e
3397,p
3398,p
3399,p
3400,p
3401,p
3402,p
3403,p
3404,p
3405,p
3406,p
3407,e
3408,e
3409,e
3410,p
3411,p
3412,p
3413,e
3414,p
3415,e
3416,e
3417,p
3418,e
3419,e
3420,e
3421,e
3422,p
3423,e
3424,e
3425,p
3426,e
3427,e
3428,e
3429,e
3430,e
3431,p
3432,e
3433,p
3434,p
3435,p
3436,p
3437,e
3438,p
3439,p
3440,p
3441,p
3442,e
3443,e
3444,p
3445,p
3446,e
3447,p
3448,e
3449,e
3450,p
3451,p
3452,p
3453,p
3454,p
3455,p
3456,p
3457,p
3458,p
3459,e
3460,e
3461,p
3462,e
3463,e
3464,p
3465,e
3466,p
3467,p
3468,p
3469,p
3470,p
3471,p
3472,e
3473,p
3474,e
3475,p
3476,p
3477,p
3478,e
3479,e
3480,e
3481,e
3482,p
3483,e
3484,p
3485,e
3486,e
3487,e
3488,p
3489,e
3490,p
3491,e
3492,p
3493,p
3494,e
3495,e
3496,p
3497,p
3498,e
3499,e
3500,e
3501,e
3502,e
3503,p
3504,e
3505,e
3506,e
3507,e
3508,e
3509,p
3510,p
3511,e
3512,p
3513,e
3514,e
3515,e
3516,e
3517,p
3518,e
3519,e
3520,e
3521,p
3522,p
3523,p
3524,e
3525,e
3526,p
3527,e
3528,p
3529,p
3530,p
3531,p
3532,e
3533,e
3534,p
3535,p
3536,e
3537,e
3538,p
3539,p
3540,p
3541,p
3542,e
3543,p
3544,p
3545,e
3546,p
3547,p
3548,e
3549,p
3550,p
3551,p
3552,p
3553,e
3554,e
3555,e
3556,e
3557,e
3558,e
3559,e
3560,e
3561,e
3562,e
3563,e
3564,p
3565,p
3566,e
3567,e
3568,p
3569,e
3570,e
3571,p
3572,e
3573,p
3574,p
3575,e
3576,e
3577,e
3578,e
3579,p
3580,p
3581,e
3582,p
3583,e
3584,e
3585,e
3586,e
3587,p
3588,p
3589,p
3590,e
3591,e
3592,p
3593,e
3594,p
3595,e
3596,e
3597,e
3598,e
3599,p
3600,p
3601,e
3602,e
3603,p
3604,e
3605,p
3606,p
3607,p
3608,p
3609,e
3610,p
3611,p
3612,e
3613,e
3614,p
3615,e
3616,e
3617,e
3618,p
3619,e
3620,p
3621,e
3622,e
3623,p
3624,e
3625,e
3626,p
3627,p
3628,p
3629,p
3630,e
3631,p
3632,e
3633,p
3634,e
3635,e
3636,e
3637,p
3638,e
3639,p
3640,e
3641,p
3642,e
3643,p
3644,p
3645,e
3646,p
3647,e
3648,p
3649,p
3650,e
3651,p
3652,p
3653,e
3654,p
3655,e
3656,e
3657,e
3658,e
3659,p
3660,p
3661,e
3662,e
3663,p
3664,e
3665,e
3666,p
3667,p
3668,p
3669,e
3670,p
3671,p
3672,p
3673,p
3674,e
3675,e
3676,p
3677,e
3678,e
3679,e
3680,e
3681,p
3682,e
3683,e
3684,e
3685,p
3686,e
3687,p
3688,p
3689,e
3690,e
3691,p
3692,p
3693,e
3694,p
3695,e
3696,e
3697,p
3698,e
3699,p
3700,p
3701,p
3702,e
3703,e
3704,p
3705,e
3706,p
3707,e
3708,p
3709,e
3710,e
3711,e
3712,p
3713,e
3714,p
3715,e
3716,p
3717,p
3718,e
3719,p
3720,e
3721,e
3722,e
3723,p
3724,p
3725,e
3726,e
3727,e
3728,e
3729,e
3730,p
3731,e
3732,e
3733,e
3734,p
3735,e
3736,e
3737,e
3738,p
3739,e
3740,e
3741,e
3742,e
3743,p
3744,e
3745,e
3746,e
3747,p
3748,p
3749,e
3750,e
3751,e
3752,p
3753,e
3754,p
3755,e
3756,e
3757,e
3758,e
3759,e
3760,p
3761,e
3762,e
3763,e
3764,e
3765,e
3766,e
3767,e
3768,p
3769,p
3770,e
3771,e
3772,p
3773,p
3774,e
3775,e
3776,p
3777,e
3778,e
3779,p
3780,p
3781,p
3782,p
3783,p
3784,p
3785,e
3786,e
3787,e
3788,e
3789,p
3790,e
3791,e
3792,e
3793,e
3794,e
3795,p
3796,e
3797,e
3798,p
3799,p
3800,p
3801,e
3802,p
3803,p
3804,p
3805,p
3806,e
3807,p
3808,p
3809,e
3810,p
3811,e
3812,p
3813,e
3814,e
3815,e
3816,e
3817,e
3818,e
3819,e
3820,e
3821,p
3822,e
3823,p
3824,p
3825,e
3826,p
3827,p
3828,e
3829,p
3830,e
3831,e
3832,p
3833,e
3834,p
3835,e
3836,p
3837,e
3838,p
3839,e
3840,p
3841,e
3842,p
3843,e
3844,p
3845,e
3846,e
3847,p
3848,e
3849,e
3850,p
3851,p
3852,e
3853,e
3854,p
3855,e
3856,p
3857,e
3858,p
3859,e
3860,p
3861,e
3862,e
3863,p
3864,p
3865,e
3866,p
3867,e
3868,p
3869,p
3870,e
3871,e
3872,e
3873,p
3874,e
3875,p
3876,e
3877,e
3878,p
3879,e
3880,e
3881,p
3882,p
3883,e
3884,e
3885,p
3886,e
3887,p
3888,p
3889,e
3890,e
3891,p
3892,e
3893,e
3894,p
3895,e
3896,p
3897,p
3898,p
3899,e
3900,p
3901,p
3902,e
3903,e
3904,e
3905,e
3906,e
3907,p
3908,e
3909,e
3910,p
3911,p
3912,p
3913,e
3914,p
3915,p
3916,e
3917,p
3918,e
3919,p
3920,p
3921,p
3922,p
3923,p
3924,p
3925,p
3926,e
3927,e
3928,e
3929,e
3930,e
3931,p
3932,e
3933,p
3934,e
3935,e
3936,e
3937,p
3938,p
3939,p
3940,e
3941,e
3942,p
3943,p
3944,e
3945,e
3946,e
3947,e
3948,e
3949,p
3950,p
3951,e
3952,p
3953,e
3954,p
3955,e
3956,e
3957,p
3958,p
3959,p
3960,e
3961,p
3962,p
3963,p
3964,p
3965,p
3966,e
3967,p
3968,p
3969,e
3970,p
3971,e
3972,p
3973,p
3974,e
3975,p
3976,p
3977,e
3978,e
3979,p
3980,e
3981,e
3982,e
3983,p
3984,e
3985,p
3986,e
3987,e
3988,p
3989,e
3990,p
3991,p
3992,p
3993,p
3994,p
3995,e
3996,e
3997,e
3998,p
3999,p
4000,e
4001,p
4002,e
4003,p
4004,p
4005,p
4006,p
4007,p
4008,e
4009,p
4010,e
4011,p
4012,e
4013,e
4014,p
4015,e
4016,p
4017,p
4018,p
4019,e
4020,p
4021,e
4022,p
4023,e
4024,e
4025,p
4026,p
4027,e
4028,p
4029,e
4030,p
4031,e
4032,p
4033,e
4034,p
4035,p
4036,e
4037,e
4038,p
4039,e
4040,e
4041,p
4042,p
4043,p
4044,e
4045,e
4046,p
4047,p
4048,e
4049,p
4050,p
4051,p
4052,p
4053,p
4054,e
4055,p
4056,e
4057,e
4058,p
4059,e
4060,p
4061,p
